city,latitude,longitude,day_offset,date,temp_day,temp_min,temp_max,weather_main,weather_description,pop,rain,humidity
Mont Saint Michel,48.6359541,-1.51146,0,2026-02-19 12:00:00,7.51,7.13,8.54,Rain,moderate rain,1.0,14.87,87
Mont Saint Michel,48.6359541,-1.51146,1,2026-02-20 12:00:00,11.21,6.73,11.73,Rain,light rain,0.2,0.55,78
Mont Saint Michel,48.6359541,-1.51146,2,2026-02-21 12:00:00,12.7,10.24,13.5,Rain,light rain,1.0,1.48,95
Mont Saint Michel,48.6359541,-1.51146,3,2026-02-22 12:00:00,11.74,8.85,11.74,Rain,light rain,1.0,2.77,90
Mont Saint Michel,48.6359541,-1.51146,4,2026-02-23 12:00:00,11.97,7.73,12.38,Clouds,overcast clouds,0.0,0.0,76
Mont Saint Michel,48.6359541,-1.51146,5,2026-02-24 12:00:00,12.33,5.02,13.57,Clear,clear sky,0.0,0.0,63
Mont Saint Michel,48.6359541,-1.51146,6,2026-02-25 12:00:00,13.37,6.23,14.92,Clear,clear sky,0.0,0.0,73
Saint-Malo,48.649518,-2.0260409,0,2026-02-19 12:00:00,8.45,7.38,9.39,Rain,moderate rain,1.0,11.75,80
Saint-Malo,48.649518,-2.0260409,1,2026-02-20 12:00:00,11.27,7.61,11.95,Rain,light rain,1.0,0.25,76
Saint-Malo,48.649518,-2.0260409,2,2026-02-21 12:00:00,12.75,10.44,13.39,Rain,light rain,1.0,1.06,92
Saint-Malo,48.649518,-2.0260409,3,2026-02-22 12:00:00,11.69,9.24,11.78,Rain,light rain,1.0,1.93,90
Saint-Malo,48.649518,-2.0260409,4,2026-02-23 12:00:00,11.7,8.6,11.92,Clouds,overcast clouds,0.0,0.0,75
Saint-Malo,48.649518,-2.0260409,5,2026-02-24 12:00:00,11.75,6.37,12.99,Clear,clear sky,0.0,0.0,64
Saint-Malo,48.649518,-2.0260409,6,2026-02-25 12:00:00,12.93,6.88,14.5,Clear,clear sky,0.0,0.0,76
Bayeux,49.2764624,-0.7024738,0,2026-02-19 12:00:00,7.6,5.36,7.6,Rain,light rain,1.0,1.05,93
Bayeux,49.2764624,-0.7024738,1,2026-02-20 12:00:00,9.92,4.69,11.59,Rain,light rain,1.0,0.32,81
Bayeux,49.2764624,-0.7024738,2,2026-02-21 12:00:00,13.04,10.56,13.77,Rain,light rain,0.48,0.41,88
Bayeux,49.2764624,-0.7024738,3,2026-02-22 12:00:00,10.9,8.8,11.27,Rain,light rain,1.0,2.63,91
Bayeux,49.2764624,-0.7024738,4,2026-02-23 12:00:00,11.71,7.11,11.89,Rain,light rain,0.2,0.37,82
Bayeux,49.2764624,-0.7024738,5,2026-02-24 12:00:00,13.21,5.7,14.2,Clear,clear sky,0.0,0.0,63
Bayeux,49.2764624,-0.7024738,6,2026-02-25 12:00:00,14.47,5.99,15.63,Clear,clear sky,0.0,0.0,67
Le Havre,49.4938975,0.1079732,0,2026-02-19 12:00:00,8.62,6.61,8.93,Rain,light rain,1.0,3.65,94
Le Havre,49.4938975,0.1079732,1,2026-02-20 12:00:00,9.58,6.78,10.58,Rain,light rain,0.56,0.15,80
Le Havre,49.4938975,0.1079732,2,2026-02-21 12:00:00,11.07,9.9,11.49,Rain,moderate rain,1.0,2.26,92
Le Havre,49.4938975,0.1079732,3,2026-02-22 12:00:00,10.33,9.32,10.78,Rain,light rain,1.0,3.34,90
Le Havre,49.4938975,0.1079732,4,2026-02-23 12:00:00,10.05,8.88,10.26,Rain,light rain,0.64,1.21,87
Le Havre,49.4938975,0.1079732,5,2026-02-24 12:00:00,11.13,7.42,12.48,Clouds,scattered clouds,0.0,0.0,74
Le Havre,49.4938975,0.1079732,6,2026-02-25 12:00:00,11.88,8.17,13.06,Clear,clear sky,0.0,0.0,72
Rouen,49.4404591,1.0939658,0,2026-02-19 12:00:00,9.14,6.03,10.41,Rain,moderate rain,1.0,4.15,94
Rouen,49.4404591,1.0939658,1,2026-02-20 12:00:00,10.3,4.57,11.13,Clouds,overcast clouds,0.0,0.0,75
Rouen,49.4404591,1.0939658,2,2026-02-21 12:00:00,13.32,9.96,14.66,Rain,light rain,1.0,1.0,86
Rouen,49.4404591,1.0939658,3,2026-02-22 12:00:00,12.72,9.56,12.72,Rain,light rain,1.0,1.64,76
Rouen,49.4404591,1.0939658,4,2026-02-23 12:00:00,11.52,7.63,12.11,Rain,light rain,0.63,0.89,80
Rouen,49.4404591,1.0939658,5,2026-02-24 12:00:00,13.31,5.67,14.63,Clouds,broken clouds,0.0,0.0,67
Rouen,49.4404591,1.0939658,6,2026-02-25 12:00:00,15.39,6.33,16.51,Clouds,scattered clouds,0.0,0.0,58
Paris,48.8588897,2.320041,0,2026-02-19 12:00:00,9.25,7.29,10.29,Rain,light rain,1.0,3.87,89
Paris,48.8588897,2.320041,1,2026-02-20 12:00:00,7.8,6.0,10.48,Rain,light rain,0.2,0.31,78
Paris,48.8588897,2.320041,2,2026-02-21 12:00:00,12.52,9.09,13.45,Rain,light rain,1.0,0.96,81
Paris,48.8588897,2.320041,3,2026-02-22 12:00:00,13.48,10.08,13.48,Rain,light rain,1.0,2.26,66
Paris,48.8588897,2.320041,4,2026-02-23 12:00:00,10.72,9.32,13.07,Rain,light rain,1.0,0.62,70
Paris,48.8588897,2.320041,5,2026-02-24 12:00:00,12.96,7.23,15.0,Clouds,scattered clouds,0.0,0.0,61
Paris,48.8588897,2.320041,6,2026-02-25 12:00:00,15.53,8.04,17.37,Clouds,broken clouds,0.0,0.0,46
Amiens,49.8941708,2.2956951,0,2026-02-19 12:00:00,8.25,3.81,8.99,Rain,moderate rain,1.0,9.02,91
Amiens,49.8941708,2.2956951,1,2026-02-20 12:00:00,8.68,3.96,10.27,Clouds,overcast clouds,0.0,0.0,80
Amiens,49.8941708,2.2956951,2,2026-02-21 12:00:00,14.2,10.09,14.49,Rain,moderate rain,1.0,2.25,74
Amiens,49.8941708,2.2956951,3,2026-02-22 12:00:00,11.58,9.53,12.91,Rain,light rain,1.0,2.52,78
Amiens,49.8941708,2.2956951,4,2026-02-23 12:00:00,11.3,8.16,11.57,Rain,light rain,0.2,0.43,74
Amiens,49.8941708,2.2956951,5,2026-02-24 12:00:00,13.02,5.8,13.96,Clouds,scattered clouds,0.0,0.0,58
Amiens,49.8941708,2.2956951,6,2026-02-25 12:00:00,14.48,6.18,15.6,Clouds,broken clouds,0.0,0.0,59
Lille,50.6365654,3.0635282,0,2026-02-19 12:00:00,6.08,2.62,6.58,Rain,moderate rain,1.0,9.91,89
Lille,50.6365654,3.0635282,1,2026-02-20 12:00:00,8.68,3.22,10.28,Clouds,overcast clouds,0.0,0.0,73
Lille,50.6365654,3.0635282,2,2026-02-21 12:00:00,13.01,10.29,13.08,Rain,light rain,1.0,1.8,72
Lille,50.6365654,3.0635282,3,2026-02-22 12:00:00,10.97,9.44,12.18,Rain,light rain,1.0,3.45,82
Lille,50.6365654,3.0635282,4,2026-02-23 12:00:00,11.21,8.17,11.21,Rain,light rain,0.28,0.78,66
Lille,50.6365654,3.0635282,5,2026-02-24 12:00:00,12.86,6.53,14.04,Clouds,broken clouds,0.0,0.0,58
Lille,50.6365654,3.0635282,6,2026-02-25 12:00:00,13.61,6.55,15.63,Clouds,broken clouds,0.0,0.0,56
Strasbourg,48.584614,7.7507127,0,2026-02-19 11:00:00,5.25,1.83,6.28,Rain,moderate rain,1.0,5.23,85
Strasbourg,48.584614,7.7507127,1,2026-02-20 11:00:00,4.85,2.71,5.68,Rain,light rain,1.0,0.62,92
Strasbourg,48.584614,7.7507127,2,2026-02-21 11:00:00,8.76,5.23,10.2,Clouds,overcast clouds,0.0,0.0,79
Strasbourg,48.584614,7.7507127,3,2026-02-22 11:00:00,12.92,7.91,12.92,Rain,light rain,0.95,1.35,76
Strasbourg,48.584614,7.7507127,4,2026-02-23 11:00:00,11.58,9.28,11.58,Rain,light rain,1.0,5.14,64
Strasbourg,48.584614,7.7507127,5,2026-02-24 11:00:00,11.61,7.29,12.09,Rain,light rain,0.83,0.39,57
Strasbourg,48.584614,7.7507127,6,2026-02-25 11:00:00,12.22,4.61,13.81,Clear,clear sky,0.0,0.0,56
Chateau du Haut Koenigsbourg,48.249382,7.3439412,0,2026-02-19 11:00:00,2.29,-0.93,3.31,Snow,rain and snow,1.0,2.46,96
Chateau du Haut Koenigsbourg,48.249382,7.3439412,1,2026-02-20 11:00:00,2.58,0.75,2.67,Rain,light rain,0.89,0.29,98
Chateau du Haut Koenigsbourg,48.249382,7.3439412,2,2026-02-21 11:00:00,5.17,1.17,6.89,Clouds,overcast clouds,0.0,0.0,90
Chateau du Haut Koenigsbourg,48.249382,7.3439412,3,2026-02-22 11:00:00,9.85,5.25,9.85,Rain,light rain,0.94,1.12,83
Chateau du Haut Koenigsbourg,48.249382,7.3439412,4,2026-02-23 11:00:00,8.64,5.64,8.64,Rain,light rain,1.0,3.7,71
Chateau du Haut Koenigsbourg,48.249382,7.3439412,5,2026-02-24 11:00:00,9.16,4.11,9.16,Rain,light rain,0.2,0.18,61
Chateau du Haut Koenigsbourg,48.249382,7.3439412,6,2026-02-25 11:00:00,11.39,2.2,12.02,Clear,clear sky,0.0,0.0,56
Colmar,48.0777517,7.3579641,0,2026-02-19 11:00:00,4.71,1.8,5.7,Rain,moderate rain,1.0,7.05,95
Colmar,48.0777517,7.3579641,1,2026-02-20 11:00:00,5.73,3.52,5.73,Clouds,overcast clouds,0.8,0.0,95
Colmar,48.0777517,7.3579641,2,2026-02-21 11:00:00,7.5,3.62,9.29,Clouds,overcast clouds,0.0,0.0,89
Colmar,48.0777517,7.3579641,3,2026-02-22 11:00:00,12.72,7.2,12.72,Rain,light rain,0.63,0.79,81
Colmar,48.0777517,7.3579641,4,2026-02-23 11:00:00,12.01,8.01,12.01,Rain,light rain,1.0,2.19,65
Colmar,48.0777517,7.3579641,5,2026-02-24 11:00:00,11.71,6.83,11.71,Clouds,scattered clouds,0.0,0.0,61
Colmar,48.0777517,7.3579641,6,2026-02-25 11:00:00,13.6,4.97,14.36,Clear,clear sky,0.0,0.0,57
Eguisheim,48.0447968,7.3079618,0,2026-02-19 11:00:00,4.78,1.62,5.49,Rain,moderate rain,1.0,8.66,96
Eguisheim,48.0447968,7.3079618,1,2026-02-20 11:00:00,5.4,3.17,5.47,Clouds,overcast clouds,0.85,0.0,96
Eguisheim,48.0447968,7.3079618,2,2026-02-21 11:00:00,7.02,3.35,8.72,Clouds,overcast clouds,0.0,0.0,90
Eguisheim,48.0447968,7.3079618,3,2026-02-22 11:00:00,12.22,6.8,12.22,Rain,light rain,0.59,0.75,82
Eguisheim,48.0447968,7.3079618,4,2026-02-23 11:00:00,11.63,7.53,11.63,Rain,light rain,1.0,1.93,66
Eguisheim,48.0447968,7.3079618,5,2026-02-24 11:00:00,11.41,6.56,11.45,Clouds,scattered clouds,0.0,0.0,61
Eguisheim,48.0447968,7.3079618,6,2026-02-25 11:00:00,13.45,4.84,14.16,Clear,clear sky,0.0,0.0,57
Besancon,47.2380222,6.0243622,0,2026-02-19 11:00:00,6.86,5.66,8.54,Rain,moderate rain,1.0,13.07,91
Besancon,47.2380222,6.0243622,1,2026-02-20 11:00:00,4.67,4.67,6.2,Rain,light rain,1.0,4.9,96
Besancon,47.2380222,6.0243622,2,2026-02-21 11:00:00,8.34,4.22,9.46,Clouds,overcast clouds,0.0,0.0,84
Besancon,47.2380222,6.0243622,3,2026-02-22 11:00:00,11.81,8.27,12.54,Rain,light rain,0.99,0.66,83
Besancon,47.2380222,6.0243622,4,2026-02-23 11:00:00,10.77,6.33,10.77,Rain,light rain,1.0,5.62,78
Besancon,47.2380222,6.0243622,5,2026-02-24 11:00:00,11.91,5.41,12.54,Clear,clear sky,0.0,0.0,66
Besancon,47.2380222,6.0243622,6,2026-02-25 11:00:00,15.15,5.3,16.15,Clear,clear sky,0.0,0.0,56
Dijon,47.3215806,5.0414701,0,2026-02-19 11:00:00,6.67,6.05,8.02,Rain,moderate rain,1.0,15.18,90
Dijon,47.3215806,5.0414701,1,2026-02-20 11:00:00,6.75,4.32,8.33,Rain,light rain,0.79,0.36,76
Dijon,47.3215806,5.0414701,2,2026-02-21 11:00:00,9.73,4.59,11.06,Clouds,overcast clouds,0.0,0.0,80
Dijon,47.3215806,5.0414701,3,2026-02-22 11:00:00,13.58,8.28,14.27,Rain,light rain,0.2,0.14,78
Dijon,47.3215806,5.0414701,4,2026-02-23 11:00:00,11.48,7.17,11.49,Rain,light rain,1.0,1.44,67
Dijon,47.3215806,5.0414701,5,2026-02-24 11:00:00,11.49,5.03,12.18,Clouds,few clouds,0.0,0.0,70
Dijon,47.3215806,5.0414701,6,2026-02-25 11:00:00,13.54,4.22,14.49,Clouds,few clouds,0.0,0.0,66
Annecy,45.8992348,6.1288847,0,2026-02-19 11:00:00,5.02,3.41,5.32,Rain,heavy intensity rain,1.0,42.59,97
Annecy,45.8992348,6.1288847,1,2026-02-20 11:00:00,4.3,2.94,5.18,Snow,rain and snow,1.0,4.75,99
Annecy,45.8992348,6.1288847,2,2026-02-21 11:00:00,7.37,-0.6,8.83,Clouds,broken clouds,0.0,0.0,82
Annecy,45.8992348,6.1288847,3,2026-02-22 11:00:00,10.77,1.53,10.77,Clouds,overcast clouds,0.0,0.0,79
Annecy,45.8992348,6.1288847,4,2026-02-23 11:00:00,10.2,3.21,10.34,Rain,light rain,0.95,0.71,83
Annecy,45.8992348,6.1288847,5,2026-02-24 11:00:00,10.27,2.02,10.89,Clouds,few clouds,0.0,0.0,77
Annecy,45.8992348,6.1288847,6,2026-02-25 11:00:00,13.34,3.52,13.64,Clear,clear sky,0.0,0.0,62
Grenoble,45.1875602,5.7357819,0,2026-02-19 11:00:00,5.51,4.07,7.68,Snow,rain and snow,1.0,30.9,98
Grenoble,45.1875602,5.7357819,1,2026-02-20 11:00:00,4.77,3.42,5.23,Snow,rain and snow,1.0,3.85,100
Grenoble,45.1875602,5.7357819,2,2026-02-21 11:00:00,6.6,-2.08,6.85,Clouds,scattered clouds,0.0,0.0,98
Grenoble,45.1875602,5.7357819,3,2026-02-22 11:00:00,8.19,0.33,8.19,Rain,light rain,0.2,0.13,96
Grenoble,45.1875602,5.7357819,4,2026-02-23 11:00:00,10.42,2.69,10.42,Rain,light rain,0.2,0.11,95
Grenoble,45.1875602,5.7357819,5,2026-02-24 11:00:00,10.03,1.9,10.16,Clouds,scattered clouds,0.0,0.0,86
Grenoble,45.1875602,5.7357819,6,2026-02-25 11:00:00,12.77,4.64,12.77,Clouds,scattered clouds,0.0,0.0,85
Lyon,45.7578137,4.8320114,0,2026-02-19 11:00:00,9.2,6.97,10.08,Rain,moderate rain,1.0,11.58,69
Lyon,45.7578137,4.8320114,1,2026-02-20 11:00:00,7.97,5.74,9.0,Rain,light rain,1.0,1.14,70
Lyon,45.7578137,4.8320114,2,2026-02-21 11:00:00,10.8,5.47,13.31,Clouds,broken clouds,0.0,0.0,59
Lyon,45.7578137,4.8320114,3,2026-02-22 11:00:00,13.12,6.32,14.44,Clouds,overcast clouds,0.0,0.0,60
Lyon,45.7578137,4.8320114,4,2026-02-23 11:00:00,13.79,8.29,14.4,Rain,light rain,0.2,0.13,58
Lyon,45.7578137,4.8320114,5,2026-02-24 11:00:00,13.05,6.34,14.38,Clear,clear sky,0.0,0.0,56
Lyon,45.7578137,4.8320114,6,2026-02-25 11:00:00,16.53,7.17,16.53,Clouds,broken clouds,0.0,0.0,52
Gorges du Verdon,43.7496562,6.3285616,0,2026-02-19 11:00:00,1.37,1.37,4.85,Snow,rain and snow,1.0,10.67,97
Gorges du Verdon,43.7496562,6.3285616,1,2026-02-20 11:00:00,7.48,-0.17,8.99,Clouds,few clouds,0.0,0.0,58
Gorges du Verdon,43.7496562,6.3285616,2,2026-02-21 11:00:00,11.41,1.67,11.77,Clouds,scattered clouds,0.0,0.0,41
Gorges du Verdon,43.7496562,6.3285616,3,2026-02-22 11:00:00,11.99,4.13,11.99,Clouds,overcast clouds,0.0,0.0,46
Gorges du Verdon,43.7496562,6.3285616,4,2026-02-23 11:00:00,11.15,2.49,12.04,Clouds,scattered clouds,0.0,0.0,50
Gorges du Verdon,43.7496562,6.3285616,5,2026-02-24 11:00:00,11.75,2.83,11.75,Clouds,few clouds,0.0,0.0,58
Gorges du Verdon,43.7496562,6.3285616,6,2026-02-25 11:00:00,11.67,3.24,11.67,Clouds,broken clouds,0.0,0.0,45
Bormes les Mimosas,43.1506968,6.3419285,0,2026-02-19 11:00:00,9.36,9.1,12.06,Rain,light rain,1.0,1.77,71
Bormes les Mimosas,43.1506968,6.3419285,1,2026-02-20 11:00:00,12.2,7.1,13.77,Clear,clear sky,0.0,0.0,51
Bormes les Mimosas,43.1506968,6.3419285,2,2026-02-21 11:00:00,12.76,5.84,13.4,Clouds,scattered clouds,0.0,0.0,43
Bormes les Mimosas,43.1506968,6.3419285,3,2026-02-22 11:00:00,13.59,7.46,13.59,Clouds,few clouds,0.0,0.0,56
Bormes les Mimosas,43.1506968,6.3419285,4,2026-02-23 11:00:00,16.79,8.34,16.99,Clouds,few clouds,0.0,0.0,51
Bormes les Mimosas,43.1506968,6.3419285,5,2026-02-24 11:00:00,14.04,7.73,14.04,Clear,clear sky,0.0,0.0,67
Bormes les Mimosas,43.1506968,6.3419285,6,2026-02-25 11:00:00,13.72,8.83,13.72,Clouds,broken clouds,0.0,0.0,70
Cassis,43.2140359,5.5396318,0,2026-02-19 11:00:00,9.5,9.39,12.66,Rain,light rain,1.0,2.56,77
Cassis,43.2140359,5.5396318,1,2026-02-20 11:00:00,9.8,8.13,10.72,Clouds,scattered clouds,0.72,0.0,68
Cassis,43.2140359,5.5396318,2,2026-02-21 11:00:00,12.17,7.39,14.46,Clouds,few clouds,0.0,0.0,46
Cassis,43.2140359,5.5396318,3,2026-02-22 11:00:00,13.06,9.4,14.73,Clouds,few clouds,0.0,0.0,53
Cassis,43.2140359,5.5396318,4,2026-02-23 11:00:00,15.57,11.07,15.75,Clouds,scattered clouds,0.0,0.0,56
Cassis,43.2140359,5.5396318,5,2026-02-24 11:00:00,13.69,9.49,14.09,Clear,clear sky,0.0,0.0,65
Cassis,43.2140359,5.5396318,6,2026-02-25 11:00:00,15.29,11.16,15.29,Clouds,broken clouds,0.0,0.0,60
Marseille,43.2961743,5.3699525,0,2026-02-19 11:00:00,9.96,8.62,13.65,Rain,light rain,1.0,2.95,78
Marseille,43.2961743,5.3699525,1,2026-02-20 11:00:00,10.35,8.93,11.32,Clouds,few clouds,0.8,0.0,69
Marseille,43.2961743,5.3699525,2,2026-02-21 11:00:00,11.8,7.97,15.17,Clear,clear sky,0.0,0.0,50
Marseille,43.2961743,5.3699525,3,2026-02-22 11:00:00,13.93,9.81,15.86,Clouds,few clouds,0.0,0.0,54
Marseille,43.2961743,5.3699525,4,2026-02-23 11:00:00,16.15,11.7,16.56,Clouds,few clouds,0.0,0.0,55
Marseille,43.2961743,5.3699525,5,2026-02-24 11:00:00,13.98,10.42,14.71,Clear,clear sky,0.0,0.0,57
Marseille,43.2961743,5.3699525,6,2026-02-25 11:00:00,16.04,12.08,16.04,Clouds,broken clouds,0.0,0.0,59
Aix en Provence,43.5298424,5.4474738,0,2026-02-19 11:00:00,7.2,5.51,11.53,Rain,light rain,1.0,4.04,85
Aix en Provence,43.5298424,5.4474738,1,2026-02-20 11:00:00,9.72,6.11,10.53,Clouds,scattered clouds,0.8,0.0,63
Aix en Provence,43.5298424,5.4474738,2,2026-02-21 11:00:00,11.57,4.47,14.24,Clear,clear sky,0.0,0.0,47
Aix en Provence,43.5298424,5.4474738,3,2026-02-22 11:00:00,13.92,6.52,15.83,Clouds,few clouds,0.0,0.0,43
Aix en Provence,43.5298424,5.4474738,4,2026-02-23 11:00:00,15.78,7.24,16.03,Clouds,few clouds,0.0,0.0,52
Aix en Provence,43.5298424,5.4474738,5,2026-02-24 11:00:00,15.17,6.97,16.58,Clear,clear sky,0.0,0.0,34
Aix en Provence,43.5298424,5.4474738,6,2026-02-25 11:00:00,16.2,8.24,16.2,Clouds,overcast clouds,0.0,0.0,46
Avignon,43.9492493,4.8059012,0,2026-02-19 11:00:00,9.16,6.5,11.96,Rain,moderate rain,1.0,6.38,76
Avignon,43.9492493,4.8059012,1,2026-02-20 11:00:00,10.25,7.5,10.74,Clouds,broken clouds,0.8,0.0,68
Avignon,43.9492493,4.8059012,2,2026-02-21 11:00:00,12.5,7.34,14.81,Clouds,few clouds,0.0,0.0,59
Avignon,43.9492493,4.8059012,3,2026-02-22 11:00:00,15.57,8.8,16.87,Clouds,overcast clouds,0.0,0.0,57
Avignon,43.9492493,4.8059012,4,2026-02-23 11:00:00,16.71,9.05,16.71,Clouds,few clouds,0.0,0.0,54
Avignon,43.9492493,4.8059012,5,2026-02-24 11:00:00,15.1,9.78,16.73,Clear,clear sky,0.0,0.0,51
Avignon,43.9492493,4.8059012,6,2026-02-25 11:00:00,17.07,8.09,17.81,Clouds,broken clouds,0.0,0.0,47
Uzes,44.0121279,4.4196718,0,2026-02-19 11:00:00,8.35,6.23,10.58,Rain,moderate rain,1.0,6.17,79
Uzes,44.0121279,4.4196718,1,2026-02-20 11:00:00,12.0,6.99,12.65,Clouds,scattered clouds,0.8,0.0,58
Uzes,44.0121279,4.4196718,2,2026-02-21 11:00:00,13.21,5.34,15.94,Clear,clear sky,0.0,0.0,59
Uzes,44.0121279,4.4196718,3,2026-02-22 11:00:00,16.4,6.77,17.56,Clouds,overcast clouds,0.0,0.0,58
Uzes,44.0121279,4.4196718,4,2026-02-23 11:00:00,16.99,7.69,16.99,Clouds,scattered clouds,0.0,0.0,52
Uzes,44.0121279,4.4196718,5,2026-02-24 11:00:00,14.18,6.39,14.8,Clouds,few clouds,0.0,0.0,58
Uzes,44.0121279,4.4196718,6,2026-02-25 11:00:00,14.93,7.52,16.03,Clouds,broken clouds,0.0,0.0,62
Nimes,43.8374249,4.3600687,0,2026-02-19 11:00:00,9.52,8.33,11.54,Rain,moderate rain,1.0,3.38,74
Nimes,43.8374249,4.3600687,1,2026-02-20 11:00:00,12.73,8.43,13.68,Clouds,scattered clouds,0.75,0.0,52
Nimes,43.8374249,4.3600687,2,2026-02-21 11:00:00,13.81,6.25,16.91,Clear,clear sky,0.0,0.0,53
Nimes,43.8374249,4.3600687,3,2026-02-22 11:00:00,17.37,7.93,18.43,Clouds,overcast clouds,0.0,0.0,47
Nimes,43.8374249,4.3600687,4,2026-02-23 11:00:00,18.15,8.72,18.15,Clear,clear sky,0.0,0.0,47
Nimes,43.8374249,4.3600687,5,2026-02-24 11:00:00,15.28,7.71,16.15,Clouds,few clouds,0.0,0.0,51
Nimes,43.8374249,4.3600687,6,2026-02-25 11:00:00,16.0,8.32,16.3,Clouds,broken clouds,0.0,0.0,54
Aigues Mortes,43.5661521,4.19154,0,2026-02-19 11:00:00,10.31,9.72,12.65,Rain,light rain,1.0,3.07,74
Aigues Mortes,43.5661521,4.19154,1,2026-02-20 11:00:00,12.82,9.67,13.39,Clouds,scattered clouds,0.37,0.0,60
Aigues Mortes,43.5661521,4.19154,2,2026-02-21 11:00:00,12.83,8.22,14.92,Clear,clear sky,0.0,0.0,57
Aigues Mortes,43.5661521,4.19154,3,2026-02-22 11:00:00,14.34,10.29,14.62,Clouds,broken clouds,0.0,0.0,62
Aigues Mortes,43.5661521,4.19154,4,2026-02-23 11:00:00,16.68,10.45,17.25,Clouds,few clouds,0.0,0.0,57
Aigues Mortes,43.5661521,4.19154,5,2026-02-24 11:00:00,15.02,10.01,15.02,Clouds,scattered clouds,0.0,0.0,55
Aigues Mortes,43.5661521,4.19154,6,2026-02-25 11:00:00,14.09,9.6,14.09,Clouds,broken clouds,0.0,0.0,77
Saintes Maries de la mer,43.4515922,4.4277202,0,2026-02-19 11:00:00,9.99,9.47,12.93,Rain,light rain,1.0,2.84,80
Saintes Maries de la mer,43.4515922,4.4277202,1,2026-02-20 11:00:00,12.71,10.04,13.44,Clouds,scattered clouds,0.56,0.0,60
Saintes Maries de la mer,43.4515922,4.4277202,2,2026-02-21 11:00:00,12.83,8.16,14.71,Clear,clear sky,0.0,0.0,61
Saintes Maries de la mer,43.4515922,4.4277202,3,2026-02-22 11:00:00,13.94,10.2,13.94,Clouds,scattered clouds,0.0,0.0,67
Saintes Maries de la mer,43.4515922,4.4277202,4,2026-02-23 11:00:00,15.75,10.63,16.22,Clouds,few clouds,0.0,0.0,63
Saintes Maries de la mer,43.4515922,4.4277202,5,2026-02-24 11:00:00,14.33,9.99,14.33,Clouds,scattered clouds,0.0,0.0,59
Saintes Maries de la mer,43.4515922,4.4277202,6,2026-02-25 11:00:00,14.13,11.23,14.13,Clouds,broken clouds,0.0,0.0,76
Collioure,42.52505,3.0831554,0,2026-02-19 12:00:00,13.28,7.85,14.84,Rain,moderate rain,1.0,2.52,53
Collioure,42.52505,3.0831554,1,2026-02-20 12:00:00,14.09,10.03,14.73,Clouds,broken clouds,0.0,0.0,48
Collioure,42.52505,3.0831554,2,2026-02-21 12:00:00,17.02,8.58,17.88,Clear,clear sky,0.0,0.0,48
Collioure,42.52505,3.0831554,3,2026-02-22 12:00:00,19.3,10.75,19.3,Clouds,scattered clouds,0.0,0.0,45
Collioure,42.52505,3.0831554,4,2026-02-23 12:00:00,17.63,10.71,18.15,Clouds,few clouds,0.0,0.0,44
Collioure,42.52505,3.0831554,5,2026-02-24 12:00:00,17.21,10.35,17.21,Clouds,broken clouds,0.0,0.0,52
Collioure,42.52505,3.0831554,6,2026-02-25 12:00:00,15.86,9.22,15.86,Clouds,few clouds,0.0,0.0,68
Carcassonne,43.2130358,2.3491069,0,2026-02-19 12:00:00,8.02,6.93,8.87,Rain,heavy intensity rain,1.0,20.69,84
Carcassonne,43.2130358,2.3491069,1,2026-02-20 12:00:00,11.23,7.09,11.34,Rain,light rain,1.0,1.73,71
Carcassonne,43.2130358,2.3491069,2,2026-02-21 12:00:00,13.65,5.96,14.67,Clear,clear sky,0.0,0.0,62
Carcassonne,43.2130358,2.3491069,3,2026-02-22 12:00:00,16.26,7.15,16.76,Clouds,broken clouds,0.0,0.0,55
Carcassonne,43.2130358,2.3491069,4,2026-02-23 12:00:00,14.4,7.03,14.98,Clouds,broken clouds,0.0,0.0,64
Carcassonne,43.2130358,2.3491069,5,2026-02-24 12:00:00,16.72,6.86,16.72,Clouds,scattered clouds,0.0,0.0,47
Carcassonne,43.2130358,2.3491069,6,2026-02-25 12:00:00,14.81,10.11,14.81,Clouds,broken clouds,0.0,0.0,74
Ariege,42.9455368,1.4065544,0,2026-02-19 12:00:00,2.08,0.48,2.86,Snow,rain and snow,1.0,15.55,88
Ariege,42.9455368,1.4065544,1,2026-02-20 12:00:00,4.77,0.92,5.56,Rain,light rain,1.0,1.53,73
Ariege,42.9455368,1.4065544,2,2026-02-21 12:00:00,8.88,0.09,9.36,Clear,clear sky,0.0,0.0,72
Ariege,42.9455368,1.4065544,3,2026-02-22 12:00:00,11.64,2.89,11.64,Clouds,overcast clouds,0.0,0.0,63
Ariege,42.9455368,1.4065544,4,2026-02-23 12:00:00,9.84,1.27,9.85,Clouds,broken clouds,0.0,0.0,57
Ariege,42.9455368,1.4065544,5,2026-02-24 12:00:00,12.82,1.24,12.82,Clouds,broken clouds,0.0,0.0,50
Ariege,42.9455368,1.4065544,6,2026-02-25 12:00:00,14.02,4.15,14.02,Clouds,overcast clouds,0.0,0.0,58
Toulouse,43.6044638,1.4442433,0,2026-02-19 12:00:00,8.6,5.97,9.25,Rain,moderate rain,1.0,7.34,80
Toulouse,43.6044638,1.4442433,1,2026-02-20 12:00:00,11.22,6.74,11.67,Rain,light rain,1.0,0.37,65
Toulouse,43.6044638,1.4442433,2,2026-02-21 12:00:00,12.84,5.98,14.29,Clear,clear sky,0.0,0.0,58
Toulouse,43.6044638,1.4442433,3,2026-02-22 12:00:00,14.91,6.73,16.72,Clouds,broken clouds,0.0,0.0,54
Toulouse,43.6044638,1.4442433,4,2026-02-23 12:00:00,14.15,6.43,15.39,Clouds,broken clouds,0.0,0.0,61
Toulouse,43.6044638,1.4442433,5,2026-02-24 12:00:00,15.35,6.95,17.38,Clouds,broken clouds,0.0,0.0,48
Toulouse,43.6044638,1.4442433,6,2026-02-25 12:00:00,16.16,9.95,16.16,Clouds,broken clouds,0.0,0.0,66
Montauban,44.0175835,1.3549991,0,2026-02-19 12:00:00,9.1,7.44,9.36,Rain,moderate rain,1.0,5.42,79
Montauban,44.0175835,1.3549991,1,2026-02-20 12:00:00,11.26,6.73,11.78,Rain,light rain,1.0,0.42,66
Montauban,44.0175835,1.3549991,2,2026-02-21 12:00:00,12.8,5.88,14.2,Clear,clear sky,0.0,0.0,65
Montauban,44.0175835,1.3549991,3,2026-02-22 12:00:00,14.17,6.41,15.98,Clouds,overcast clouds,0.0,0.0,65
Montauban,44.0175835,1.3549991,4,2026-02-23 12:00:00,12.85,6.27,14.24,Clouds,overcast clouds,0.0,0.0,74
Montauban,44.0175835,1.3549991,5,2026-02-24 12:00:00,15.03,6.51,17.65,Clouds,scattered clouds,0.0,0.0,52
Montauban,44.0175835,1.3549991,6,2026-02-25 12:00:00,16.52,9.37,16.52,Clouds,overcast clouds,0.0,0.0,63
Biarritz,43.4711438,-1.5527266,0,2026-02-19 12:00:00,10.75,8.0,10.75,Rain,light rain,1.0,7.66,76
Biarritz,43.4711438,-1.5527266,1,2026-02-20 12:00:00,11.72,8.46,11.88,Rain,light rain,1.0,2.2,80
Biarritz,43.4711438,-1.5527266,2,2026-02-21 12:00:00,13.5,7.04,14.8,Clouds,broken clouds,0.0,0.0,64
Biarritz,43.4711438,-1.5527266,3,2026-02-22 12:00:00,13.43,9.42,13.43,Clouds,overcast clouds,0.0,0.0,74
Biarritz,43.4711438,-1.5527266,4,2026-02-23 12:00:00,14.56,8.59,15.31,Clouds,broken clouds,0.0,0.0,62
Biarritz,43.4711438,-1.5527266,5,2026-02-24 12:00:00,17.66,8.69,18.17,Clouds,broken clouds,0.0,0.0,55
Biarritz,43.4711438,-1.5527266,6,2026-02-25 12:00:00,18.41,11.82,19.5,Clouds,broken clouds,0.0,0.0,56
Bayonne,43.4945144,-1.4736657,0,2026-02-19 12:00:00,10.72,8.42,10.72,Rain,light rain,1.0,8.15,77
Bayonne,43.4945144,-1.4736657,1,2026-02-20 12:00:00,11.95,7.77,12.03,Rain,light rain,1.0,2.34,80
Bayonne,43.4945144,-1.4736657,2,2026-02-21 12:00:00,13.81,6.23,15.1,Clouds,broken clouds,0.0,0.0,64
Bayonne,43.4945144,-1.4736657,3,2026-02-22 12:00:00,13.77,8.19,13.77,Clouds,overcast clouds,0.0,0.0,72
Bayonne,43.4945144,-1.4736657,4,2026-02-23 12:00:00,15.21,7.61,15.9,Clouds,broken clouds,0.0,0.0,62
Bayonne,43.4945144,-1.4736657,5,2026-02-24 12:00:00,18.12,7.65,18.41,Clouds,broken clouds,0.0,0.0,53
Bayonne,43.4945144,-1.4736657,6,2026-02-25 12:00:00,19.7,11.35,20.56,Clouds,scattered clouds,0.0,0.0,52
La Rochelle,46.159732,-1.1515951,0,2026-02-19 12:00:00,10.38,8.85,10.75,Rain,moderate rain,1.0,11.34,83
La Rochelle,46.159732,-1.1515951,1,2026-02-20 12:00:00,11.19,8.67,11.2,Clouds,overcast clouds,0.0,0.0,79
La Rochelle,46.159732,-1.1515951,2,2026-02-21 12:00:00,11.2,10.28,11.22,Clouds,overcast clouds,0.0,0.0,85
La Rochelle,46.159732,-1.1515951,3,2026-02-22 12:00:00,11.58,8.88,11.58,Rain,light rain,0.28,0.2,81
La Rochelle,46.159732,-1.1515951,4,2026-02-23 12:00:00,11.59,9.56,11.59,Rain,light rain,0.2,0.24,80
La Rochelle,46.159732,-1.1515951,5,2026-02-24 12:00:00,12.32,6.88,13.53,Clouds,broken clouds,0.0,0.0,68
La Rochelle,46.159732,-1.1515951,6,2026-02-25 12:00:00,13.96,9.26,14.86,Clouds,few clouds,0.0,0.0,74
